question,answer,contexts,ground_truth
What is the reputation of the John Wick action movie franchise in terms of its overall tone and style?,"The reputation of the John Wick action movie franchise is highly positive in terms of its overall tone and style. It is described as slick, violent fun with expertly choreographed action sequences, cool characters, and a unique underworld setting. Fans of action movies and those looking for something different from the usual fare highly recommend the franchise.","["": 9\nReview: At first glance, John Wick sounds like a terrible film on paper but with the slickness of Keanu Reeves' performance as the titular character and the sheer brilliance in its action sequences, this marks the best action film of the year and one of the absolute best in the past decade. Following a brutal home invasion that leaves his beloved dog murdered by thugs from his past, John Wick vows revenge on the ones who have taken what he loves most. Like I said, on paper, this seems like a direct-to-DVD slopfest starring John Cena but as a film with Keanu Reeves as the lead, it marks the very welcomed return for Reeves to the genre. John Wick is insanely fun, violently brutal and an overall romp especially for those disappointed by The Expendables 3. John Wick is propelled by Tarantino-esque dialog mixed with the swagger of action stars from the 70s. Reeves literally emulates cool in this film and does it with such confidence, that we don't even doubt the character...even when he kills countless bad guys with extreme force in some utterly ridiculous and implausible situations. We don't doubt it for a minute. This is EXACTLY what you want out of an action film. It is briskly paced, brilliantly shot and meticulously choreographed and keeps you wanting more and more. The supporting cast filled with the likes of John Legiuzamo, Ian McShane, and Willen Dafoe also keeps this film very interesting. These guys don't play good guys, hell, John Wick by traditional standards would be a bad guy in any other film. Every character is more ruthless than the next and pushes John Wick to be more ruthless than they are, creating a very cool dynamic between the character and the plot regarding the idea of how far is too far? However, don't expect some revelation from John Wick regarding the morality of bad and evil. This film wants you entertained and does so with brute force, it never lets up, not even for a second. One scene in particular that will have your blood pumping is a showdown between thugs and Wick in a nightclub. This action sequence remains the best in the film and will have you grasping your theater seat because of the sheer intensity of it. Overall, John Wick is slick, violent fun that turns into a remarkable, surprising film that will catch you off guard. It is THAT good. I highly recommend this film to action buffs especially but I'm sure those who just like a good movie will love it as well.""
 "": 18\nReview: Ever since the original John Wick, the franchise has set a standard of what action in Hollywood should be. Thanks to Chad Stahelski and Keanu Reeve's knowledge of the technical aspects of shooting action, they've been able to deliver expertly choreographed, shot, and edited action films that are now the go to as examples of great action filmmaking. And so, the expectations for the fourth film were fairly high, especially as it became more apparent this was not only the culmination of everything before it, but a whopping 169 minutes long. Rest assured, however, that it delivers in spades. Everything we have come to know and love is here, but with an infusion of creativity like we haven't seen from the franchise yet.""
 "": 20\nReview: John Wick is something special. It takes as much time setting up elaborate action sequences as it does the world with which it all takes place in. And what a world it is. It reminds me of Millers Crossing and it is cooler than any other recent attempt at noir. We are shown a criminal underworld where, if you are connected, many powerful people know who you are and show you respect. John Wick was connected but he got out. He is the rare killer who has found peace, and he is grateful for that peace. Some young kids steal that from him and he does what he does best, he wages a one man war against the Russian Mafia. It might sound like the film takes quite a leap but it all makes sense. The motives of John and the people who get in the way of his bullets are all very clear, even if it does come across as rather simple. That's the plot at it's most basic. Then there's the action. The film is directed by Reeve's stuntman from The Matrix, so this guy knows action. There are sequences that flow so smoothly it puts other action films and their quick cuts to shame. Keaunu moves so fluidly throughout the film and comes across as such a natural that the only disappointment is that we have not seen him like this before. Along the way are plenty of character actors, fans of The Matrix and The Wire will recognize a few people then there are more obvious ones like Ian McShane and Willem Dafoe. Everyone seems to be having a good time. That is another plus for this movie. It get's dark at times but overall it is quite fun, not very chipper, but fun. I cannot recommend this movie enough. I believe it is a must see for action fans and for anyone looking for something a bit different from the usual fare.""]","The John Wick action movie franchise is known for its intense and relentless action sequences, often involving fights and biting. The overall tone and style of the franchise can be described as silly, with a focus on exaggerated action and violence. The movies are considered to be one of the silliest action movie franchises in history, with a significant emphasis on fighting and biting scenes. The runtime of the movies, such as the one mentioned in the review (2h49m), allows for a lot of extra fighting and biting throughout the film."
What role does Iosef's uncle play in the plot of John Wick?,"Iosef's uncle plays a role in the plot of John Wick by having John Wick's car and accepting his offer of peace. Later on, he hopes to return to his peaceful retirement but is pulled back into the conflict when crime lord Santino D'Antonio calls in his Marker.","["": 5\nReview: Iosef's uncle still has John Wick's car. Wick comes after it and the uncle accepts his offer of peace. He hopes to return to his peaceful retirement but crime lord Santino D'Antonio calls in his Marker. He faces deadly assassins, numerous killers, and countless thugs as Santino uses him to gain power even offering a $7 million contract.""
 "": 0\nReview: The best way I can describe John Wick is to picture Taken but instead of Liam Neeson it's Keanu Reeves and instead of his daughter it's his dog. That's essentially the plot of the movie. John Wick (Reeves) is out to seek revenge on the people who took something he loved from him. It's a beautifully simple premise for an action movie - when action movies get convoluted, they get bad i.e. A Good Day to Die Hard. John Wick gives the viewers what they want: Awesome action, stylish stunts, kinetic chaos, and a relatable hero to tie it all together. John Wick succeeds in its simplicity.""
 "": 20\nReview: John Wick is something special. It takes as much time setting up elaborate action sequences as it does the world with which it all takes place in. And what a world it is. It reminds me of Millers Crossing and it is cooler than any other recent attempt at noir. We are shown a criminal underworld where, if you are connected, many powerful people know who you are and show you respect. John Wick was connected but he got out. He is the rare killer who has found peace, and he is grateful for that peace. Some young kids steal that from him and he does what he does best, he wages a one man war against the Russian Mafia. It might sound like the film takes quite a leap but it all makes sense. The motives of John and the people who get in the way of his bullets are all very clear, even if it does come across as rather simple. That's the plot at it's most basic. Then there's the action. The film is directed by Reeve's stuntman from The Matrix, so this guy knows action. There are sequences that flow so smoothly it puts other action films and their quick cuts to shame. Keaunu moves so fluidly throughout the film and comes across as such a natural that the only disappointment is that we have not seen him like this before. Along the way are plenty of character actors, fans of The Matrix and The Wire will recognize a few people then there are more obvious ones like Ian McShane and Willem Dafoe. Everyone seems to be having a good time. That is another plus for this movie. It get's dark at times but overall it is quite fun, not very chipper, but fun. I cannot recommend this movie enough. I believe it is a must see for action fans and for anyone looking for something a bit different from the usual fare.""]","Iosef's uncle plays a role in the plot of John Wick by initially refusing to return John Wick's car, leading to Wick seeking revenge. However, he later accepts Wick's offer of peace. His actions set off a chain of events that ultimately involve Wick facing deadly assassins and killers as he is forced back into the world of crime."
How does John Wick: Chapter 3 - Parabellum explore the theme of consequences?,"John Wick: Chapter 3 - Parabellum explores the theme of consequences by dealing with the fallout of John's actions from the previous film, sending him on a bigger journey of violence that continues to delve into the world of assassination.","["": 24\nReview: John Wick: Chapter 3 - Parabellum is quite literally about consequences, dealing with the fallout of John's actions at the end of the previous film and sending him on an even bigger odyssey of violence that continues to explore this world of assassination and deliver beautifully clean action sequences.""
 "": 13\nReview: Following on from two deliriously entertaining, visually gorgeous and blissfully simplistic thrillers, John Wick: Chapter 3 - Parabellum keeps up the franchise's unique appeal in stunning fashion. Complete with electrifying action, beautiful cinematography, a pulsating score and a great sense of humour, the film is pretty much as purely joyful as action thrillers get, and proves two hours of brilliant entertainment.""
 "": 6\nReview: Assassin John Wick is referred to as Baba Yaga in this third chapter, suggesting that he is, in fact, a supernatural being; his ability to evade death, appear and disappear like a ninja from a Godfrey Ho film, and move with lightning fast reflexes despite being in his mid-fifties confirms this fact, in my opinion. Unfortunately, Wick's invincibility means that the many action scenes in Parabellum are largely devoid of excitement, the only outcome being that Wick is still alive and all of his enemies are dead.""]","John Wick: Chapter 3 - Parabellum explores the theme of consequences by focusing on the fallout of John's actions from the previous film. It delves into the repercussions of his choices and sends him on a larger journey of violence, further exploring the world of assassination. The movie also delivers beautifully choreographed action sequences that enhance the exploration of consequences."
What role does the Continental hotel play in the plot of John Wick: Chapter 2?,"The Continental hotel in John Wick: Chapter 2 plays a crucial role as a safe haven for assassins where they are not allowed to conduct business or kill each other. It is where John Wick meets with Winston, the owner of the hotel, who informs Wick about the rules he must follow in the criminal underworld.","["": 20\nReview: After resolving his issues with the Russian mafia, John Wick (Keanu Reeves) returns home. But soon the mobster Santino D'Antonio (Riccardo Scamarcio) visits him to show Wick's marker and tells that he needs to help. John Wicks refuses since he is retired and Santino blows-up his house. John Wick meets the owner of the Continental hotel in New York City, Winston (Ian McShane), and he tells that Wick cannot violate the Mafia rules and shall honor the marker. Santino asks John Wick to kill his sister Gianna D'Antonio (Claudia Gerini) in Rome so that he can sit on the High Table of the criminal organizations. When John Wicks accomplishes his assignment, Santino puts a seven-million dollar contract on him attracting professional killers from everywhere. But Wick promises to kill Santino that is not protected by his marker anymore.""
 ': 1\nReview: The Table, the international crminal brotherhood which has condemned John Wick empowers The Marquis to deal with him (and the Manager of the New York Continentale Hotel). But maybe, just maybe, there is a way out.'
 ': 4\nReview: ""John Wick: Chapter 2"" (2017 release; 122 min.) continues the \'adventures\' of former (?) hit man John Wick. As the movie opens, we are immediately thrown in the middle of a car vs. bike chase, and next thing we know, we find our man retrieving his beloved Mustang from a chop shop in NYC, but not without cars flying about, and dozens of dead or wounded bodies. And that\'s all in the pre-opening credits! As the story unfolds, Wick, who wants ""out, is nevertheless forced back ""in"" when an Italian baddie calls in a favor and Wick has no choice but to accept. To tell you more of the plot would spoil your viewing experience, you\'ll just have to see for yourself how it all plays out.']","The Continental hotel in New York City, owned by Winston, plays a crucial role in the plot of John Wick: Chapter 2. It serves as a safe haven for assassins and criminals, where certain rules must be followed, including the prohibition of conducting business on the premises. Additionally, the hotel acts as a neutral territory where no 'business' can be conducted, ensuring a level of safety and respect among its guests."
What is the premise of the John Wick movie series?,"The premise of the John Wick movie series is about a man seeking revenge on the people who took something he loved from him. In the case of the first movie, it is about John Wick seeking revenge for the murder of his dog.","["": 0\nReview: The best way I can describe John Wick is to picture Taken but instead of Liam Neeson it's Keanu Reeves and instead of his daughter it's his dog. That's essentially the plot of the movie. John Wick (Reeves) is out to seek revenge on the people who took something he loved from him. It's a beautifully simple premise for an action movie - when action movies get convoluted, they get bad i.e. A Good Day to Die Hard. John Wick gives the viewers what they want: Awesome action, stylish stunts, kinetic chaos, and a relatable hero to tie it all together. John Wick succeeds in its simplicity.""
 ': 3\nReview: John wick has a very simple revenge story. It can be summarized as ""Keanu gets angry and shoots bad guys"" but what makes it special? Directed by Chad Stahelski who\'s a stunt specialist boy does it show because the main selling point in the film are some real virtuoso action sequences, well made choreographies. Unlike today\'s action movies, it doesn\'t use quick-cuts or shaky cameras actually see what\'s going on.'
 "": 9\nReview: At first glance, John Wick sounds like a terrible film on paper but with the slickness of Keanu Reeves' performance as the titular character and the sheer brilliance in its action sequences, this marks the best action film of the year and one of the absolute best in the past decade. Following a brutal home invasion that leaves his beloved dog murdered by thugs from his past, John Wick vows revenge on the ones who have taken what he loves most. Like I said, on paper, this seems like a direct-to-DVD slopfest starring John Cena but as a film with Keanu Reeves as the lead, it marks the very welcomed return for Reeves to the genre. John Wick is insanely fun, violently brutal and an overall romp especially for those disappointed by The Expendables 3. John Wick is propelled by Tarantino-esque dialog mixed with the swagger of action stars from the 70s. Reeves literally emulates cool in this film and does it with such confidence, that we don't even doubt the character...even when he kills countless bad guys with extreme force in some utterly ridiculous and implausible situations. We don't doubt it for a minute. This is EXACTLY what you want out of an action film. It is briskly paced, brilliantly shot and meticulously choreographed and keeps you wanting more and more. The supporting cast filled with the likes of John Legiuzamo, Ian McShane, and Willen Dafoe also keeps this film very interesting. These guys don't play good guys, hell, John Wick by traditional standards would be a bad guy in any other film. Every character is more ruthless than the next and pushes John Wick to be more ruthless than they are, creating a very cool dynamic between the character and the plot regarding the idea of how far is too far? However, don't expect some revelation from John Wick regarding the morality of bad and evil. This film wants you entertained and does so with brute force, it never lets up, not even for a second. One scene in particular that will have your blood pumping is a showdown between thugs and Wick in a nightclub. This action sequence remains the best in the film and will have you grasping your theater seat because of the sheer intensity of it. Overall, John Wick is slick, violent fun that turns into a remarkable, surprising film that will catch you off guard. It is THAT good. I highly recommend this film to action buffs especially but I'm sure those who just like a good movie will love it as well.""]","The premise of the John Wick movie series revolves around the character John Wick, a retired assassin who is forced back into the world of killing after his dog is killed and his car is stolen. Throughout the series, John embarks on a journey of revenge and redemption, facing numerous challenges and adversaries within the Assassin's Guild."
Who is the mobster that visits John Wick and asks for his help by showing Wick's marker in the movie?,The mobster that visits John Wick and asks for his help by showing Wick's marker in the movie is Santino D'Antonio.,"["": 20\nReview: After resolving his issues with the Russian mafia, John Wick (Keanu Reeves) returns home. But soon the mobster Santino D'Antonio (Riccardo Scamarcio) visits him to show Wick's marker and tells that he needs to help. John Wicks refuses since he is retired and Santino blows-up his house. John Wick meets the owner of the Continental hotel in New York City, Winston (Ian McShane), and he tells that Wick cannot violate the Mafia rules and shall honor the marker. Santino asks John Wick to kill his sister Gianna D'Antonio (Claudia Gerini) in Rome so that he can sit on the High Table of the criminal organizations. When John Wicks accomplishes his assignment, Santino puts a seven-million dollar contract on him attracting professional killers from everywhere. But Wick promises to kill Santino that is not protected by his marker anymore.""
 "": 5\nReview: Iosef's uncle still has John Wick's car. Wick comes after it and the uncle accepts his offer of peace. He hopes to return to his peaceful retirement but crime lord Santino D'Antonio calls in his Marker. He faces deadly assassins, numerous killers, and countless thugs as Santino uses him to gain power even offering a $7 million contract.""
 "": 18\nReview: When the story begins, John (Keanu Reeves) has just lost his wife. After her death, he's a bit lost but tries to rebuild his life. One day, he's getting gas and a young Russian-American punk notices Wick's classic car...and tries to buy it off him. But Wick isn't interested and declines. Soon, the punk arrives at Wick's home with some goons where they surprise him--beating him senseless, destroying his stuff, killing his dog and stealing his car! This is when you then learn that Wick is a super-assassin....and the punk chose the wrong guy to attack. The jerk's father is a big-time Russian mobster....and it's a contest to see who will win...the mobster and his gang or Wick on his own. Considering there are (so far) two MORE John Wick films, it pretty much seems certain who will win this battle.""]",Santino D'Antonio is the mobster who visits John Wick and asks for his help by showing Wick's marker in the movie.
What aspect of 'John Wick' received praise for its top-notch quality?,The hand-to-hand combat choreography in 'John Wick' received praise for its top-notch quality.,"[': 19\nReview: The inevitable third chapter of the JOHN WICK franchise continues on a high with the same quality as the last. In fact, this may just pip that one to the post to be the best JOHN WICK yet. The pacing is spot on and the plotting is measured by a huge amount of action sequences, all of which fizz and crackle with skill and energy. The movie hits the ground running as Keanu faces off with a hulking character in a library and then Triads in a weapon shop, but what really amazes here is the sheer inventiveness of the non-repetitive action. There are horse and motorbike chases, a Moroccan brawl with fighting dogs, alongside the massive action of the climax. There also seems to be a greater emphasis on hand-to-hand combat, featuring the likes of RAID actors and old-timer Mark Dacascos, which is a real pleasure as the choreography is top-notch. In terms of sheer enjoyment, this is a film hard to beat, and to criticise it at all is unnecessary. Bring on the fourth!'
 "": 9\nReview: At first glance, John Wick sounds like a terrible film on paper but with the slickness of Keanu Reeves' performance as the titular character and the sheer brilliance in its action sequences, this marks the best action film of the year and one of the absolute best in the past decade. Following a brutal home invasion that leaves his beloved dog murdered by thugs from his past, John Wick vows revenge on the ones who have taken what he loves most. Like I said, on paper, this seems like a direct-to-DVD slopfest starring John Cena but as a film with Keanu Reeves as the lead, it marks the very welcomed return for Reeves to the genre. John Wick is insanely fun, violently brutal and an overall romp especially for those disappointed by The Expendables 3. John Wick is propelled by Tarantino-esque dialog mixed with the swagger of action stars from the 70s. Reeves literally emulates cool in this film and does it with such confidence, that we don't even doubt the character...even when he kills countless bad guys with extreme force in some utterly ridiculous and implausible situations. We don't doubt it for a minute. This is EXACTLY what you want out of an action film. It is briskly paced, brilliantly shot and meticulously choreographed and keeps you wanting more and more. The supporting cast filled with the likes of John Legiuzamo, Ian McShane, and Willen Dafoe also keeps this film very interesting. These guys don't play good guys, hell, John Wick by traditional standards would be a bad guy in any other film. Every character is more ruthless than the next and pushes John Wick to be more ruthless than they are, creating a very cool dynamic between the character and the plot regarding the idea of how far is too far? However, don't expect some revelation from John Wick regarding the morality of bad and evil. This film wants you entertained and does so with brute force, it never lets up, not even for a second. One scene in particular that will have your blood pumping is a showdown between thugs and Wick in a nightclub. This action sequence remains the best in the film and will have you grasping your theater seat because of the sheer intensity of it. Overall, John Wick is slick, violent fun that turns into a remarkable, surprising film that will catch you off guard. It is THAT good. I highly recommend this film to action buffs especially but I'm sure those who just like a good movie will love it as well.""
 "": 11\nReview: JOHN WICK is a rare example of Hollywood getting things spot-on when it comes to creating the near-perfect action film. JOHN WICK is a relentless, pulse-pounding thriller that has plenty of similarity to the Liam Neeson classic TAKEN, albeit with a more simplistic (and also more emotionally intense) plot line. This is the kind of lean, pared-down film-making that's all about intensity and momentum. It sits well with classic international fare like POINT BLANK, SLEEPLESS NIGHT, MEA CULPA, THE MAN FROM NOWHERE, and THE RAID films.""]",The cinematography and fight choreography of 'John Wick' received praise for their top-notch quality.
What role does the marker play in the plot of John Wick: Chapter 2?,The marker plays a significant role in the plot of John Wick: Chapter 2. It is used by Santino D'Antonio to force John Wick back into the world of assassins by invoking the marker as a debt that Wick must honor. Wick's refusal to fulfill the marker leads to a series of events that drive the plot forward.,"["": 20\nReview: After resolving his issues with the Russian mafia, John Wick (Keanu Reeves) returns home. But soon the mobster Santino D'Antonio (Riccardo Scamarcio) visits him to show Wick's marker and tells that he needs to help. John Wicks refuses since he is retired and Santino blows-up his house. John Wick meets the owner of the Continental hotel in New York City, Winston (Ian McShane), and he tells that Wick cannot violate the Mafia rules and shall honor the marker. Santino asks John Wick to kill his sister Gianna D'Antonio (Claudia Gerini) in Rome so that he can sit on the High Table of the criminal organizations. When John Wicks accomplishes his assignment, Santino puts a seven-million dollar contract on him attracting professional killers from everywhere. But Wick promises to kill Santino that is not protected by his marker anymore.""
 ': 4\nReview: ""John Wick: Chapter 2"" (2017 release; 122 min.) continues the \'adventures\' of former (?) hit man John Wick. As the movie opens, we are immediately thrown in the middle of a car vs. bike chase, and next thing we know, we find our man retrieving his beloved Mustang from a chop shop in NYC, but not without cars flying about, and dozens of dead or wounded bodies. And that\'s all in the pre-opening credits! As the story unfolds, Wick, who wants ""out, is nevertheless forced back ""in"" when an Italian baddie calls in a favor and Wick has no choice but to accept. To tell you more of the plot would spoil your viewing experience, you\'ll just have to see for yourself how it all plays out.'
 "": 16\nReview: John Wick Chapter 2 pits Keanu Reeves' titular character against the mean and nefarious of the criminal underworld. Once again, Reeves proves that he is a force to be reckoned with in this ridiculous, over-the-top sequel that is every bit as fun as the original. These types of films are rarely known for their artistic value but John Wick: Chapter 2 sets the bar pretty high, not only in its action, but in it's set design and camera work. This is pure escapist entertainment and couldn't have come at a better time. Those wanting to take a break from watching the Oscar nominees, this film is exactly what you're looking for.""]","The marker in the plot of John Wick: Chapter 2 is a symbol of a blood oath that cannot be refused. When Santino D'Antonio presents John Wick with the marker, it signifies a debt that Wick must honor, leading him to carry out the assassination of Santino's sister. The marker plays a crucial role in driving the events of the movie and creating conflict for the protagonist."
What event in the movie John Wick Chapter 2 leads to a lot of carnage and sets off a chain of events involving the Assassin's Guild?,"The event in the movie John Wick Chapter 2 that leads to a lot of carnage and sets off a chain of events involving the Assassin's Guild is when someone steals John Wick's car, which calls for a lot of carnage.","["": 19\nReview: If you've seen the first John Wick movie, you know that Keanu Reeves is John Wick, a retired assassin who comes out of retirement when someone kills his dog. In this one, which begins a week later, matters are still reverberating, and some one has stolen his car, which calls for a lot of carnage. That settled, John is called on to pay off an old debt by helping Ian McShane take over the Assassin's Guild by flying around to Italy, Canada and Manhattan and killing what seems like hundreds of assassins.""
 "": 12\nReview: If there's an equivalent of classical orchestra for untamed unapologetically brutal carnage, there's no doubt it'd be John Wick. Dancing through hail of bullets, horde of assassins straight from video game, oozing noir style from each drop of blood, John Wick: Chapter 2 is nothing short of an artistic spectacle.""
 ': 4\nReview: ""John Wick: Chapter 2"" (2017 release; 122 min.) continues the \'adventures\' of former (?) hit man John Wick. As the movie opens, we are immediately thrown in the middle of a car vs. bike chase, and next thing we know, we find our man retrieving his beloved Mustang from a chop shop in NYC, but not without cars flying about, and dozens of dead or wounded bodies. And that\'s all in the pre-opening credits! As the story unfolds, Wick, who wants ""out, is nevertheless forced back ""in"" when an Italian baddie calls in a favor and Wick has no choice but to accept. To tell you more of the plot would spoil your viewing experience, you\'ll just have to see for yourself how it all plays out.']",The answer to given question is not present in context
What role do assassins play in the artistic spectacle of John Wick: Chapter 2?,"In John Wick: Chapter 2, assassins play a significant role as they are portrayed as a horde of characters straight from a video game, adding to the untamed and unapologetically brutal carnage that is characteristic of the movie's artistic spectacle.","["": 12\nReview: If there's an equivalent of classical orchestra for untamed unapologetically brutal carnage, there's no doubt it'd be John Wick. Dancing through hail of bullets, horde of assassins straight from video game, oozing noir style from each drop of blood, John Wick: Chapter 2 is nothing short of an artistic spectacle.""
 "": 16\nReview: John Wick Chapter 2 pits Keanu Reeves' titular character against the mean and nefarious of the criminal underworld. Once again, Reeves proves that he is a force to be reckoned with in this ridiculous, over-the-top sequel that is every bit as fun as the original. These types of films are rarely known for their artistic value but John Wick: Chapter 2 sets the bar pretty high, not only in its action, but in it's set design and camera work. This is pure escapist entertainment and couldn't have come at a better time. Those wanting to take a break from watching the Oscar nominees, this film is exactly what you're looking for.""
 "": 19\nReview: If you've seen the first John Wick movie, you know that Keanu Reeves is John Wick, a retired assassin who comes out of retirement when someone kills his dog. In this one, which begins a week later, matters are still reverberating, and some one has stolen his car, which calls for a lot of carnage. That settled, John is called on to pay off an old debt by helping Ian McShane take over the Assassin's Guild by flying around to Italy, Canada and Manhattan and killing what seems like hundreds of assassins.""]","Assassins play a significant role in the artistic spectacle of John Wick: Chapter 2, adding to the untamed and brutal carnage that defines the movie. They create a sense of danger and intensity, resembling characters straight out of a video game, contributing to the noir style and overall aesthetic of the film."
How does stunt work affect action in John Wick movies?,"The stunt work in John Wick movies is highly praised for its real virtuoso action sequences and well-made choreographies. The director, Chad Stahelski, who is a stunt specialist, showcases these sequences without using quick-cuts or shaky cameras, allowing the audience to clearly see what's going on. Stunt work in John Wick movies significantly enhances the action and sets them apart from other action films.","[': 3\nReview: John wick has a very simple revenge story. It can be summarized as ""Keanu gets angry and shoots bad guys"" but what makes it special? Directed by Chad Stahelski who\'s a stunt specialist boy does it show because the main selling point in the film are some real virtuoso action sequences, well made choreographies. Unlike today\'s action movies, it doesn\'t use quick-cuts or shaky cameras actually see what\'s going on.'
 "": 20\nReview: John Wick is something special. It takes as much time setting up elaborate action sequences as it does the world with which it all takes place in. And what a world it is. It reminds me of Millers Crossing and it is cooler than any other recent attempt at noir. We are shown a criminal underworld where, if you are connected, many powerful people know who you are and show you respect. John Wick was connected but he got out. He is the rare killer who has found peace, and he is grateful for that peace. Some young kids steal that from him and he does what he does best, he wages a one man war against the Russian Mafia. It might sound like the film takes quite a leap but it all makes sense. The motives of John and the people who get in the way of his bullets are all very clear, even if it does come across as rather simple. That's the plot at it's most basic. Then there's the action. The film is directed by Reeve's stuntman from The Matrix, so this guy knows action. There are sequences that flow so smoothly it puts other action films and their quick cuts to shame. Keaunu moves so fluidly throughout the film and comes across as such a natural that the only disappointment is that we have not seen him like this before. Along the way are plenty of character actors, fans of The Matrix and The Wire will recognize a few people then there are more obvious ones like Ian McShane and Willem Dafoe. Everyone seems to be having a good time. That is another plus for this movie. It get's dark at times but overall it is quite fun, not very chipper, but fun. I cannot recommend this movie enough. I believe it is a must see for action fans and for anyone looking for something a bit different from the usual fare.""
 ': 17\nReview: There are actually quite a handful reasons why ""John Wick"" could have become a failure. The two directors have never made a film before and almost exclusively worked in the stunt department so far. The writer is not exactly experienced either. Lead actor Keanu Reeves usually scores more through boyish charm than through realistic portrayal of gritty badass characters. And the genre of crime action thrillers rarely delivers in terms of real significance. Still it became a very good film. The main reason for that is probably that it does not attempt to be anything of great cinematic value, does not try to teach groundbreaking stories on moral, loyalty or betrayal. Instead, Derek Kolstad\'s script goes for a gutsy revenge thriller that is not even hurt by its occasional predictability.']","The practical stunt work in John Wick movies greatly enhances the action sequences, providing a sharp and well-filmed experience without the use of bad shaky cams or jump cuts. This allows viewers to fully appreciate the action and the skill involved in the stunts."
What makes action movies like John Wick 3 stand out?,"What makes action movies like John Wick 3 stand out is their ability to create fantastic choreography and showcase extraordinary stunts with clear, well-executed action sequences.","["": 22\nReview: Lets contemplate about components of perfect action movie for a moment- What makes action movies special. Is it it's characters, is it ability to create fantastic choreography or maybe new, shiny special effects. Is it sound design or perhaps a good story ? What will elevate action movie to a new heights? What you need to do to create an instant classic? John Wick 3 creators might not have found all the answers but they definitely created something special and unique.""
 "": 16\nReview: John Wick 3 is without a doubt the best action movie to have come out in a few years. And its so surprising and refreshing to see that movies like this still exist. Most action movies you see is filled with ridiculous amounts of shaky-cam, fast edits and way over-the-top fights. This is perfect. You can see all action clear as day, and by god the stuns in this film are extraordinary. Why the Academy Awards don't award talent like this is beyond me. There were times that I wondered if they had used CGI, because someone nuts must be willing to throw themselves from motorbikes and through glass. But whatever case it is, its a dam joy to watch.""
 ': 3\nReview: John wick has a very simple revenge story. It can be summarized as ""Keanu gets angry and shoots bad guys"" but what makes it special? Directed by Chad Stahelski who\'s a stunt specialist boy does it show because the main selling point in the film are some real virtuoso action sequences, well made choreographies. Unlike today\'s action movies, it doesn\'t use quick-cuts or shaky cameras actually see what\'s going on.']","Action movies like John Wick 3 stand out due to their ability to create fantastic choreography, new and shiny special effects, sound design, and a good story. These elements elevate the movie to new heights and contribute to its uniqueness and special nature."
How do cutting-edge visual effects affect action film creation?,I don't know the answer to that question.,"["": 10\nReview: Most American action flicks released these days have poor screenplays and overuse computer-generated imagery. The John Wick franchise is one of the few exceptions, along with Mission Impossible. These franchises keep getting better with every entry. Hollywood can make action masterpieces, but Marvel has greater demand, so that's what we get most of. It's a shame.""
 "": 22\nReview: Lets contemplate about components of perfect action movie for a moment- What makes action movies special. Is it it's characters, is it ability to create fantastic choreography or maybe new, shiny special effects. Is it sound design or perhaps a good story ? What will elevate action movie to a new heights? What you need to do to create an instant classic? John Wick 3 creators might not have found all the answers but they definitely created something special and unique.""
 ': 22\nReview: All the below are non-creative copying of past movies (done many times before): 1. Opening scene - alarm clock going off. 2. Coffee brewing. 3. Casket being lowered; raining for effect; long shot of cemetery showing stranger watching. 4. Afterwards, solemn wake party. 5. Mystery package at door. From? Of course. 6. Bad guys are (Guess what nationality?) $1000 if you have no idea. And, of course, are as stereotypic as cut-out doll figures. 7. Older hot cars and lots of squealing tires, burning rubber (or synthetic equivalent). You would think Reeves character would be past that 17 year old\'s infatuation. 8. Master killer still has an arsenal hidden away, why? Anticipated this precise series of events unfolding many years earlier. Or, nostalgia. 9. Reeves is covered in tats, of course, to show us toughness. Russian iconic tats no less - oops! 10. Dozen (cheaper that way) bad guys need some skill training because they\'re slow, dumb and can\'t seem to shoot at a target a few feet away and always walk around corners without looking first. 11. Been done before ""cleaning crew"" just a call away to dispose of waste animal tissue (human of course). They always look the same in these movies. 12. Usual cheap scene filler, and getting really tedious, helicopter shot of city and car traveling on road below (even did a several times). 13. Background music the usual rock/blues/alter/jazz sound. 14. Barely clothed chicks tossed in for the male viewer and one to be bad. 15. Same old club scenes with strobes. 16. Usual wharf/dock driving and shooting scenes. 17. Now for the fun part and a new record surpassing the past record of 65 kills by one individual in a movie (can\'t remember the movie from a couple of years ago but it had that Detroit blighted semi-deserted projects, public housing/towers backdrop with this guy going through the floors shooting all the druggies). The new record for a movie is (drum roll) 73 by Reeves and 8 by others = 81 (maybe more, hard to keep track at times).']","Cutting-edge visual effects can enhance the quality and impact of action films by creating stunning and realistic visuals that captivate audiences. These effects can elevate the overall viewing experience and make the action sequences more immersive and visually appealing, adding a new dimension to the storytelling."
"What task does John Wick do for the Italian mobster in John Wick: Chapter 2, resulting in a contract on his life?","John Wick is tasked with killing the Italian mobster's sister, Gianna D'Antonio, in Rome in John Wick: Chapter 2, which results in a contract on his life.","["": 20\nReview: After resolving his issues with the Russian mafia, John Wick (Keanu Reeves) returns home. But soon the mobster Santino D'Antonio (Riccardo Scamarcio) visits him to show Wick's marker and tells that he needs to help. John Wicks refuses since he is retired and Santino blows-up his house. John Wick meets the owner of the Continental hotel in New York City, Winston (Ian McShane), and he tells that Wick cannot violate the Mafia rules and shall honor the marker. Santino asks John Wick to kill his sister Gianna D'Antonio (Claudia Gerini) in Rome so that he can sit on the High Table of the criminal organizations. When John Wicks accomplishes his assignment, Santino puts a seven-million dollar contract on him attracting professional killers from everywhere. But Wick promises to kill Santino that is not protected by his marker anymore.""
 ': 4\nReview: ""John Wick: Chapter 2"" (2017 release; 122 min.) continues the \'adventures\' of former (?) hit man John Wick. As the movie opens, we are immediately thrown in the middle of a car vs. bike chase, and next thing we know, we find our man retrieving his beloved Mustang from a chop shop in NYC, but not without cars flying about, and dozens of dead or wounded bodies. And that\'s all in the pre-opening credits! As the story unfolds, Wick, who wants ""out, is nevertheless forced back ""in"" when an Italian baddie calls in a favor and Wick has no choice but to accept. To tell you more of the plot would spoil your viewing experience, you\'ll just have to see for yourself how it all plays out.'
 "": 5\nReview: Ultra-violent first entry with lots of killings, thrills , noisy action , suspense , and crossfire . In this original John Wick (2014) , an ex-hit-man comes out of retirement to track down the gangsters that killed his dog and took everything from him . With the untimely death of his beloved wife still bitter in his mouth he seeks for vengeance . But when an arrogant Russian mob prince and hoodlums steal his car and kill his dog , they are fully aware of his lethal capacity. The Bogeyman will find himself dragged into an impossible task as every killer in the business dreams of cornering the legendary Wick who now has an enormous price on his head . In this first installment John Wick , blind with revenge, and for his salvation John will immediately unleash a carefully orchestrated maelstrom of destruction against those attempt to chase him and with a price tag on his head, as he is the target of hit men : an army of bounty-hunting killers on his trail and a murderer woman everywhere . The legendary hitman will be forced to unearth his meticulously concealed identity and to carry out a relentless vendetta . Now, only blood can quench the boogeyman's thirst for retribution . Don't Set Him Off! . John Wick isn't the Boogeyman... He's the guy you send to kill the doomed Boogeyman. Revenge is all he has left. You want peace, prepare for war . Don't Hunt What You Can't Kill. Tick Tock, Mr. Wick. Everyone Is Waiting. For John Wick . Every Action Has Consequences. This Friday, Wick is Back . Its the World Vs. Wick. Every Action Has Consequences.""]","John Wick kills Santino D'Antonio's sister, Gianna D'Antonio, in Rome as requested by Santino, resulting in a seven-million dollar contract on his life."
What complicates John Wick's world in 'Parabellum'?,"In 'Parabellum', John Wick's world is complicated by the consequences of his actions at the end of the previous film, leading him on a bigger odyssey of violence and exploring the world of assassination.","["": 24\nReview: John Wick: Chapter 3 - Parabellum is quite literally about consequences, dealing with the fallout of John's actions at the end of the previous film and sending him on an even bigger odyssey of violence that continues to explore this world of assassination and deliver beautifully clean action sequences.""
 ': 0\nReview: It is 5 years since the first John Wick film - one that took me by surprise by how silly it was as a narrative, but yet how well it delivered action sequences. The second film was only 2 years ago, and it raised the stakes and went from a man seeking revenge on another group of people, into one where the world was filled with assassins, popping up from everywhere all the time. I remember ending that film feeling like it had gone too far but that the third would probably do more of that. True enough, Parabellum (""prepare for war"") sees the whole world filled with assassins, and a huge administrative system around them - but yet the whole lot of them can\'t seem to cause John Wick too much trouble. As with the first film, this expands the world more than it can bear, and although it looks cool at times, the world makes no sense whatsoever and it hurts the film the more it relies on it (which it does as it expands it).'
 "": 6\nReview: Assassin John Wick is referred to as Baba Yaga in this third chapter, suggesting that he is, in fact, a supernatural being; his ability to evade death, appear and disappear like a ninja from a Godfrey Ho film, and move with lightning fast reflexes despite being in his mid-fifties confirms this fact, in my opinion. Unfortunately, Wick's invincibility means that the many action scenes in Parabellum are largely devoid of excitement, the only outcome being that Wick is still alive and all of his enemies are dead.""]","The whole world is filled with assassins in 'Parabellum', and there is a huge administrative system around them. Despite this, they can't seem to cause John Wick too much trouble."
What does Keanu Reeves add to John Wick?,"Keanu Reeves adds a sense of coolness, slickness, and confidence to the character of John Wick. His performance as the deadly and unstoppable hit-man is a key factor in making the movie enjoyable and engaging for the audience.","["": 19\nReview: If you've seen the first John Wick movie, you know that Keanu Reeves is John Wick, a retired assassin who comes out of retirement when someone kills his dog. In this one, which begins a week later, matters are still reverberating, and some one has stolen his car, which calls for a lot of carnage. That settled, John is called on to pay off an old debt by helping Ian McShane take over the Assassin's Guild by flying around to Italy, Canada and Manhattan and killing what seems like hundreds of assassins.""
 ': 14\nReview: Keanu Reeve is John Wick. He\'s a deadly and unstoppable hit-man, and it shows. ""John Wick"" is short and to the point, but so much fun. At 1 hour and 36 minutes running time, there is never a dull moment in what may be one of the best action films of the year.'
 "": 9\nReview: At first glance, John Wick sounds like a terrible film on paper but with the slickness of Keanu Reeves' performance as the titular character and the sheer brilliance in its action sequences, this marks the best action film of the year and one of the absolute best in the past decade. Following a brutal home invasion that leaves his beloved dog murdered by thugs from his past, John Wick vows revenge on the ones who have taken what he loves most. Like I said, on paper, this seems like a direct-to-DVD slopfest starring John Cena but as a film with Keanu Reeves as the lead, it marks the very welcomed return for Reeves to the genre. John Wick is insanely fun, violently brutal and an overall romp especially for those disappointed by The Expendables 3. John Wick is propelled by Tarantino-esque dialog mixed with the swagger of action stars from the 70s. Reeves literally emulates cool in this film and does it with such confidence, that we don't even doubt the character...even when he kills countless bad guys with extreme force in some utterly ridiculous and implausible situations. We don't doubt it for a minute. This is EXACTLY what you want out of an action film. It is briskly paced, brilliantly shot and meticulously choreographed and keeps you wanting more and more. The supporting cast filled with the likes of John Legiuzamo, Ian McShane, and Willen Dafoe also keeps this film very interesting. These guys don't play good guys, hell, John Wick by traditional standards would be a bad guy in any other film. Every character is more ruthless than the next and pushes John Wick to be more ruthless than they are, creating a very cool dynamic between the character and the plot regarding the idea of how far is too far? However, don't expect some revelation from John Wick regarding the morality of bad and evil. This film wants you entertained and does so with brute force, it never lets up, not even for a second. One scene in particular that will have your blood pumping is a showdown between thugs and Wick in a nightclub. This action sequence remains the best in the film and will have you grasping your theater seat because of the sheer intensity of it. Overall, John Wick is slick, violent fun that turns into a remarkable, surprising film that will catch you off guard. It is THAT good. I highly recommend this film to action buffs especially but I'm sure those who just like a good movie will love it as well.""]",Keanu Reeves adds a watchable element to John Wick despite the somewhat barmy plotting. His performance makes the movie enjoyable even with the script's shortcomings.
What motivates John Wick's vengeance and its impact on his reputation in the movies?,"John Wick's vengeance is motivated by the death of his beloved wife and the killing of his dog by gangsters who also stole his car. This act of violence triggers his quest for revenge. The impact on his reputation in the movies is that he becomes known as a legendary and lethal hitman who unleashes a maelstrom of destruction against those who wronged him. His actions lead to a price on his head, making him a target for hitmen and bounty hunters. Ultimately, his thirst for retribution and relentless vendetta define his character and reputation in the films.","["": 5\nReview: Ultra-violent first entry with lots of killings, thrills , noisy action , suspense , and crossfire . In this original John Wick (2014) , an ex-hit-man comes out of retirement to track down the gangsters that killed his dog and took everything from him . With the untimely death of his beloved wife still bitter in his mouth he seeks for vengeance . But when an arrogant Russian mob prince and hoodlums steal his car and kill his dog , they are fully aware of his lethal capacity. The Bogeyman will find himself dragged into an impossible task as every killer in the business dreams of cornering the legendary Wick who now has an enormous price on his head . In this first installment John Wick , blind with revenge, and for his salvation John will immediately unleash a carefully orchestrated maelstrom of destruction against those attempt to chase him and with a price tag on his head, as he is the target of hit men : an army of bounty-hunting killers on his trail and a murderer woman everywhere . The legendary hitman will be forced to unearth his meticulously concealed identity and to carry out a relentless vendetta . Now, only blood can quench the boogeyman's thirst for retribution . Don't Set Him Off! . John Wick isn't the Boogeyman... He's the guy you send to kill the doomed Boogeyman. Revenge is all he has left. You want peace, prepare for war . Don't Hunt What You Can't Kill. Tick Tock, Mr. Wick. Everyone Is Waiting. For John Wick . Every Action Has Consequences. This Friday, Wick is Back . Its the World Vs. Wick. Every Action Has Consequences.""
 ': 4\nReview: Though he no longer has a taste for wet work, retired assassin and ""Boogeyman"" John Wick has suffered a personal tragedy that\'s left a huge void in his life. When he and his dog (really the last meaningful thing he has left) fall victim to a scummy group of Russian mobsters, he emerges from his shell with vengeance on his mind. Slow and ambiguous at first, but reveals more as it goes along, and once it kicks into gear it rarely lets up with plenty of stylized, visceral action scenes, an impressive arsenal of weaponry, plus sly direction and editing that give it the feel of a violent music video at times. Preposterously fun to watch, it just doesn\'t have much of a story at its disposal, not to mention all the over-the-top bloodletting and mayhem eventually becomes redundant. Savvy, indestructible Reeves looks right at home, and delivers many of his lines with a sardonic wit. **'
 "": 0\nReview: The best way I can describe John Wick is to picture Taken but instead of Liam Neeson it's Keanu Reeves and instead of his daughter it's his dog. That's essentially the plot of the movie. John Wick (Reeves) is out to seek revenge on the people who took something he loved from him. It's a beautifully simple premise for an action movie - when action movies get convoluted, they get bad i.e. A Good Day to Die Hard. John Wick gives the viewers what they want: Awesome action, stylish stunts, kinetic chaos, and a relatable hero to tie it all together. John Wick succeeds in its simplicity.""]","John Wick's vengeance is primarily motivated by the killing of his dog and the theft of his car by Russian mobsters. This act of violence leads him to seek revenge against those responsible, showcasing his lethal capacity and reputation as a legendary hitman. As he embarks on a path of vengeance, he becomes the target of numerous bounty-hunting killers, further solidifying his reputation as a formidable and relentless force in the criminal underworld."
How does the Moroccan brawl scene in JOHN WICK 3 improve the movie?,The Moroccan brawl scene in JOHN WICK 3 improves the movie by adding to the sheer inventiveness of the non-repetitive action sequences. It adds a unique element to the film with fighting dogs and showcases a different style of combat.,"[': 19\nReview: The inevitable third chapter of the JOHN WICK franchise continues on a high with the same quality as the last. In fact, this may just pip that one to the post to be the best JOHN WICK yet. The pacing is spot on and the plotting is measured by a huge amount of action sequences, all of which fizz and crackle with skill and energy. The movie hits the ground running as Keanu faces off with a hulking character in a library and then Triads in a weapon shop, but what really amazes here is the sheer inventiveness of the non-repetitive action. There are horse and motorbike chases, a Moroccan brawl with fighting dogs, alongside the massive action of the climax. There also seems to be a greater emphasis on hand-to-hand combat, featuring the likes of RAID actors and old-timer Mark Dacascos, which is a real pleasure as the choreography is top-notch. In terms of sheer enjoyment, this is a film hard to beat, and to criticise it at all is unnecessary. Bring on the fourth!'
 "": 24\nReview: John Wick: Chapter 3 - Parabellum is quite literally about consequences, dealing with the fallout of John's actions at the end of the previous film and sending him on an even bigger odyssey of violence that continues to explore this world of assassination and deliver beautifully clean action sequences.""
 "": 19\nReview: John Wick: Chapter 4 picks up where Chapter 3: Parabellum left off. As has been the tradition in the sequels to this beloved martial arts action franchise the action starts from the very inception of the film's opening, and lasts until the curtain falls. JW4 is no exception to that rule. What it does do is improve on the prior installment, and solidify Keanu Reeves as the greatest martial arts action star of all time. If you don't accept that notion, then you must accept the fact that it solidifies Reeves and Director, Chad Stahelski, as the greatest martial arts action pairing of modern times.""]",The answer to given question is not present in context
What makes John Wick praised for its coordination and emotional depth?,"John Wick is praised for its coordination and emotional depth because the action is beautifully choreographed, and the setup is surprisingly emotional for an action flick. Additionally, the movie is known for its intense and emotionally engaging plot line, making it stand out from other action films.","["": 8\nReview: It's hard to find anything bad to say about John Wick. The action is beautifully choreographed, the setup is surprisingly emotional for an action flick, and Keanu.... What more is there to say? If you love action or even just like it you will be in for the ride of your life.""
 "": 11\nReview: JOHN WICK is a rare example of Hollywood getting things spot-on when it comes to creating the near-perfect action film. JOHN WICK is a relentless, pulse-pounding thriller that has plenty of similarity to the Liam Neeson classic TAKEN, albeit with a more simplistic (and also more emotionally intense) plot line. This is the kind of lean, pared-down film-making that's all about intensity and momentum. It sits well with classic international fare like POINT BLANK, SLEEPLESS NIGHT, MEA CULPA, THE MAN FROM NOWHERE, and THE RAID films.""
 ': 3\nReview: John wick has a very simple revenge story. It can be summarized as ""Keanu gets angry and shoots bad guys"" but what makes it special? Directed by Chad Stahelski who\'s a stunt specialist boy does it show because the main selling point in the film are some real virtuoso action sequences, well made choreographies. Unlike today\'s action movies, it doesn\'t use quick-cuts or shaky cameras actually see what\'s going on.']","John Wick is praised for its beautifully choreographed action sequences and surprisingly emotional setup, making it stand out from typical action films. Keanu Reeves' performance also adds to the movie's appeal. If you enjoy action movies, John Wick offers a thrilling experience that combines intense action with emotional depth."
