,question,contexts,answer,ground_truth,context_recall,context_precision
0,What is the reputation of the John Wick action movie franchise in terms of its overall tone and style?,"["": 19\nReview: John Wick: Chapter 4 picks up where Chapter 3: Parabellum left off. As has been the tradition in the sequels to this beloved martial arts action franchise the action starts from the very inception of the film's opening, and lasts until the curtain falls. JW4 is no exception to that rule. What it does do is improve on the prior installment, and solidify Keanu Reeves as the greatest martial arts action star of all time. If you don't accept that notion, then you must accept the fact that it solidifies Reeves and Director, Chad Stahelski, as the greatest martial arts action pairing of modern times.""
 "": 8\nReview: In this 2nd installment of John Wick, the stylish visual and hard core action returns twice the level of the first film. So prepare for another suspenseful and cliffhanging sequences flow from this action movie when you watch this. The story goes deeper and the action scenes were incredibly entertaining! The revenge theme was still part of the movie's plot but this time the focus is the personal backstab of Wick. Keanu Reeves delivers again a notable performance as a titular character. This film is what a sequel movie should be - justifying the connection to the predecessor movie that made it successful by expanding its story and maintaining the elements that made it a superb film. The ending of this film opened the possibility of many more franchise of this movie.""
 ': 19\nReview: The inevitable third chapter of the JOHN WICK franchise continues on a high with the same quality as the last. In fact, this may just pip that one to the post to be the best JOHN WICK yet. The pacing is spot on and the plotting is measured by a huge amount of action sequences, all of which fizz and crackle with skill and energy. The movie hits the ground running as Keanu faces off with a hulking character in a library and then Triads in a weapon shop, but what really amazes here is the sheer inventiveness of the non-repetitive action. There are horse and motorbike chases, a Moroccan brawl with fighting dogs, alongside the massive action of the climax. There also seems to be a greater emphasis on hand-to-hand combat, featuring the likes of RAID actors and old-timer Mark Dacascos, which is a real pleasure as the choreography is top-notch. In terms of sheer enjoyment, this is a film hard to beat, and to criticise it at all is unnecessary. Bring on the fourth!'
 "": 9\nReview: At first glance, John Wick sounds like a terrible film on paper but with the slickness of Keanu Reeves' performance as the titular character and the sheer brilliance in its action sequences, this marks the best action film of the year and one of the absolute best in the past decade. Following a brutal home invasion that leaves his beloved dog murdered by thugs from his past, John Wick vows revenge on the ones who have taken what he loves most. Like I said, on paper, this seems like a direct-to-DVD slopfest starring John Cena but as a film with Keanu Reeves as the lead, it marks the very welcomed return for Reeves to the genre. John Wick is insanely fun, violently brutal and an overall romp especially for those disappointed by The Expendables 3. John Wick is propelled by Tarantino-esque dialog mixed with the swagger of action stars from the 70s. Reeves literally emulates cool in this film and does it with such confidence, that we don't even doubt the character...even when he kills countless bad guys with extreme force in some utterly ridiculous and implausible situations. We don't doubt it for a minute. This is EXACTLY what you want out of an action film. It is briskly paced, brilliantly shot and meticulously choreographed and keeps you wanting more and more. The supporting cast filled with the likes of John Legiuzamo, Ian McShane, and Willen Dafoe also keeps this film very interesting. These guys don't play good guys, hell, John Wick by traditional standards would be a bad guy in any other film. Every character is more ruthless than the next and pushes John Wick to be more ruthless than they are, creating a very cool dynamic between the character and the plot regarding the idea of how far is too far? However, don't expect some revelation from John Wick regarding the morality of bad and evil. This film wants you entertained and does so with brute force, it never lets up, not even for a second. One scene in particular that will have your blood pumping is a showdown between thugs and Wick in a nightclub. This action sequence remains the best in the film and will have you grasping your theater seat because of the sheer intensity of it. Overall, John Wick is slick, violent fun that turns into a remarkable, surprising film that will catch you off guard. It is THAT good. I highly recommend this film to action buffs especially but I'm sure those who just like a good movie will love it as well.""]","The reputation of the John Wick action movie franchise is highly regarded for its stylish visuals, intense action sequences, and overall entertainment value. Each installment in the franchise has been praised for its inventive and non-repetitive action, top-notch choreography, and the charismatic performance of Keanu Reeves as the titular character. The franchise is known for its fast-paced and thrilling tone, making it a favorite among action movie enthusiasts.","The John Wick action movie franchise is known for its intense and relentless action sequences, often involving fights and biting. The overall tone and style of the franchise can be described as silly, with a focus on exaggerated action and violence. The movies are considered to be one of the silliest action movie franchises in history, with a significant emphasis on fighting and biting scenes. The runtime of the movies, such as the one mentioned in the review (2h49m), allows for a lot of extra fighting and biting throughout the film.",0.25,0.249999999975
1,What role does Iosef's uncle play in the plot of John Wick?,"["": 5\nReview: Iosef's uncle still has John Wick's car. Wick comes after it and the uncle accepts his offer of peace. He hopes to return to his peaceful retirement but crime lord Santino D'Antonio calls in his Marker. He faces deadly assassins, numerous killers, and countless thugs as Santino uses him to gain power even offering a $7 million contract.""
 "": 14\nReview: Another significant increase in body count contribution, not including the injured and\\or maimed, as John inserts his wickedness into the flesh and bones of those whose aim is unworthy of their role in organised crime, either that, or they've never handled a weapon or are visually impaired or only shoot blanks or all three.""
 "": 9\nReview: At first glance, John Wick sounds like a terrible film on paper but with the slickness of Keanu Reeves' performance as the titular character and the sheer brilliance in its action sequences, this marks the best action film of the year and one of the absolute best in the past decade. Following a brutal home invasion that leaves his beloved dog murdered by thugs from his past, John Wick vows revenge on the ones who have taken what he loves most. Like I said, on paper, this seems like a direct-to-DVD slopfest starring John Cena but as a film with Keanu Reeves as the lead, it marks the very welcomed return for Reeves to the genre. John Wick is insanely fun, violently brutal and an overall romp especially for those disappointed by The Expendables 3. John Wick is propelled by Tarantino-esque dialog mixed with the swagger of action stars from the 70s. Reeves literally emulates cool in this film and does it with such confidence, that we don't even doubt the character...even when he kills countless bad guys with extreme force in some utterly ridiculous and implausible situations. We don't doubt it for a minute. This is EXACTLY what you want out of an action film. It is briskly paced, brilliantly shot and meticulously choreographed and keeps you wanting more and more. The supporting cast filled with the likes of John Legiuzamo, Ian McShane, and Willen Dafoe also keeps this film very interesting. These guys don't play good guys, hell, John Wick by traditional standards would be a bad guy in any other film. Every character is more ruthless than the next and pushes John Wick to be more ruthless than they are, creating a very cool dynamic between the character and the plot regarding the idea of how far is too far? However, don't expect some revelation from John Wick regarding the morality of bad and evil. This film wants you entertained and does so with brute force, it never lets up, not even for a second. One scene in particular that will have your blood pumping is a showdown between thugs and Wick in a nightclub. This action sequence remains the best in the film and will have you grasping your theater seat because of the sheer intensity of it. Overall, John Wick is slick, violent fun that turns into a remarkable, surprising film that will catch you off guard. It is THAT good. I highly recommend this film to action buffs especially but I'm sure those who just like a good movie will love it as well.""
 "": 19\nReview: John Wick: Chapter 4 picks up where Chapter 3: Parabellum left off. As has been the tradition in the sequels to this beloved martial arts action franchise the action starts from the very inception of the film's opening, and lasts until the curtain falls. JW4 is no exception to that rule. What it does do is improve on the prior installment, and solidify Keanu Reeves as the greatest martial arts action star of all time. If you don't accept that notion, then you must accept the fact that it solidifies Reeves and Director, Chad Stahelski, as the greatest martial arts action pairing of modern times.""]","Iosef's uncle plays a role in the plot of John Wick by initially having John Wick's car and then accepting his offer of peace. Later on, crime lord Santino D'Antonio calls in his Marker, leading to Wick facing deadly assassins and various obstacles.","Iosef's uncle plays a role in the plot of John Wick by initially refusing to return John Wick's car, leading to Wick seeking revenge. However, he later accepts Wick's offer of peace. His actions set off a chain of events that ultimately involve Wick facing deadly assassins and killers as he is forced back into the world of crime.",1.0,0.9999999999
2,How does John Wick: Chapter 3 - Parabellum explore the theme of consequences?,"["": 24\nReview: John Wick: Chapter 3 - Parabellum is quite literally about consequences, dealing with the fallout of John's actions at the end of the previous film and sending him on an even bigger odyssey of violence that continues to explore this world of assassination and deliver beautifully clean action sequences.""
 "": 13\nReview: Following on from two deliriously entertaining, visually gorgeous and blissfully simplistic thrillers, John Wick: Chapter 3 - Parabellum keeps up the franchise's unique appeal in stunning fashion. Complete with electrifying action, beautiful cinematography, a pulsating score and a great sense of humour, the film is pretty much as purely joyful as action thrillers get, and proves two hours of brilliant entertainment.""
 "": 19\nReview: John Wick: Chapter 4 picks up where Chapter 3: Parabellum left off. As has been the tradition in the sequels to this beloved martial arts action franchise the action starts from the very inception of the film's opening, and lasts until the curtain falls. JW4 is no exception to that rule. What it does do is improve on the prior installment, and solidify Keanu Reeves as the greatest martial arts action star of all time. If you don't accept that notion, then you must accept the fact that it solidifies Reeves and Director, Chad Stahelski, as the greatest martial arts action pairing of modern times.""
 ': 11\nReview: The overrated ""John Wick: Chapter 3 - Parabellum"" is an action film that gives the sensation of watching a boring videogame. The plot is only John Wick running and killing the assassins that want the 14 million dollar award for his head. After the initial original deaths, the film becomes tiresome, boring and repetitive. My vote is three.']","In ""John Wick: Chapter 3 - Parabellum,"" the theme of consequences is explored through dealing with the fallout of John's actions from the previous film. It sends him on a bigger journey of violence that continues to delve into the world of assassination and delivers beautifully clean action sequences.","John Wick: Chapter 3 - Parabellum explores the theme of consequences by focusing on the fallout of John's actions from the previous film. It delves into the repercussions of his choices and sends him on a larger journey of violence, further exploring the world of assassination. The movie also delivers beautifully choreographed action sequences that enhance the exploration of consequences.",0.6666666666666666,0.9999999999
3,What role does the Continental hotel play in the plot of John Wick: Chapter 2?,"["": 19\nReview: John Wick: Chapter 4 picks up where Chapter 3: Parabellum left off. As has been the tradition in the sequels to this beloved martial arts action franchise the action starts from the very inception of the film's opening, and lasts until the curtain falls. JW4 is no exception to that rule. What it does do is improve on the prior installment, and solidify Keanu Reeves as the greatest martial arts action star of all time. If you don't accept that notion, then you must accept the fact that it solidifies Reeves and Director, Chad Stahelski, as the greatest martial arts action pairing of modern times.""
 "": 20\nReview: After resolving his issues with the Russian mafia, John Wick (Keanu Reeves) returns home. But soon the mobster Santino D'Antonio (Riccardo Scamarcio) visits him to show Wick's marker and tells that he needs to help. John Wicks refuses since he is retired and Santino blows-up his house. John Wick meets the owner of the Continental hotel in New York City, Winston (Ian McShane), and he tells that Wick cannot violate the Mafia rules and shall honor the marker. Santino asks John Wick to kill his sister Gianna D'Antonio (Claudia Gerini) in Rome so that he can sit on the High Table of the criminal organizations. When John Wicks accomplishes his assignment, Santino puts a seven-million dollar contract on him attracting professional killers from everywhere. But Wick promises to kill Santino that is not protected by his marker anymore.""
 "": 14\nReview: Another significant increase in body count contribution, not including the injured and\\or maimed, as John inserts his wickedness into the flesh and bones of those whose aim is unworthy of their role in organised crime, either that, or they've never handled a weapon or are visually impaired or only shoot blanks or all three.""
 ': 11\nReview: The overrated ""John Wick: Chapter 3 - Parabellum"" is an action film that gives the sensation of watching a boring videogame. The plot is only John Wick running and killing the assassins that want the 14 million dollar award for his head. After the initial original deaths, the film becomes tiresome, boring and repetitive. My vote is three.']","The Continental hotel in John Wick: Chapter 2 plays a significant role as a safe haven for assassins and a place where certain rules, like the rule against conducting business on the premises, must be followed. It is where John Wick meets with Winston, the owner of the hotel, who reminds him of the rules he must honor despite his desire to retire.","The Continental hotel in New York City, owned by Winston, plays a crucial role in the plot of John Wick: Chapter 2. It serves as a safe haven for assassins and criminals, where certain rules must be followed, including the prohibition of conducting business on the premises. Additionally, the hotel acts as a neutral territory where no 'business' can be conducted, ensuring a level of safety and respect among its guests.",0.3333333333333333,0.49999999995
4,What is the premise of the John Wick movie series?,"["": 0\nReview: The best way I can describe John Wick is to picture Taken but instead of Liam Neeson it's Keanu Reeves and instead of his daughter it's his dog. That's essentially the plot of the movie. John Wick (Reeves) is out to seek revenge on the people who took something he loved from him. It's a beautifully simple premise for an action movie - when action movies get convoluted, they get bad i.e. A Good Day to Die Hard. John Wick gives the viewers what they want: Awesome action, stylish stunts, kinetic chaos, and a relatable hero to tie it all together. John Wick succeeds in its simplicity.""
 ': 21\nReview: Wow, this is one of the best action movies that I have seen in quite some time. It is really what I was hoping for in a good old fashion action movie that was done entirely on hand to hand combat and gun shootings. This is a wonderful kick-ass movie where the killings were done so brutally with lots of bloody scenes. It also kind of remind me of the various one man army movies in the 80s played by Sylvester Stallone or Arnold Schwarzenegger. If you have seen John Wick the original (which I hope you have seen it before you see this one), then you will be amazed with this sequel. It was bloodier, more fighting, more assassins trying to kill John and longer running time. What I can say is this is an even better version than the original movie. Although in term of story, there is a bit of a more complexity in the sequel as opposed to the simplicity of the original movie.'
 "": 22\nReview: Lets contemplate about components of perfect action movie for a moment- What makes action movies special. Is it it's characters, is it ability to create fantastic choreography or maybe new, shiny special effects. Is it sound design or perhaps a good story ? What will elevate action movie to a new heights? What you need to do to create an instant classic? John Wick 3 creators might not have found all the answers but they definitely created something special and unique.""
 "": 8\nReview: It's hard to find anything bad to say about John Wick. The action is beautifully choreographed, the setup is surprisingly emotional for an action flick, and Keanu.... What more is there to say? If you love action or even just like it you will be in for the ride of your life.""]","The premise of the John Wick movie series is about a man named John Wick seeking revenge on the people who took something he loved from him. In this case, it was his dog that was taken, leading him on a path of relentless action and retribution.","The premise of the John Wick movie series revolves around the character John Wick, a retired assassin who is forced back into the world of killing after his dog is killed and his car is stolen. Throughout the series, John embarks on a journey of revenge and redemption, facing numerous challenges and adversaries within the Assassin's Guild.",0.5,0.9999999999
5,Who is the mobster that visits John Wick and asks for his help by showing Wick's marker in the movie?,"["": 20\nReview: After resolving his issues with the Russian mafia, John Wick (Keanu Reeves) returns home. But soon the mobster Santino D'Antonio (Riccardo Scamarcio) visits him to show Wick's marker and tells that he needs to help. John Wicks refuses since he is retired and Santino blows-up his house. John Wick meets the owner of the Continental hotel in New York City, Winston (Ian McShane), and he tells that Wick cannot violate the Mafia rules and shall honor the marker. Santino asks John Wick to kill his sister Gianna D'Antonio (Claudia Gerini) in Rome so that he can sit on the High Table of the criminal organizations. When John Wicks accomplishes his assignment, Santino puts a seven-million dollar contract on him attracting professional killers from everywhere. But Wick promises to kill Santino that is not protected by his marker anymore.""
 "": 18\nReview: When the story begins, John (Keanu Reeves) has just lost his wife. After her death, he's a bit lost but tries to rebuild his life. One day, he's getting gas and a young Russian-American punk notices Wick's classic car...and tries to buy it off him. But Wick isn't interested and declines. Soon, the punk arrives at Wick's home with some goons where they surprise him--beating him senseless, destroying his stuff, killing his dog and stealing his car! This is when you then learn that Wick is a super-assassin....and the punk chose the wrong guy to attack. The jerk's father is a big-time Russian mobster....and it's a contest to see who will win...the mobster and his gang or Wick on his own. Considering there are (so far) two MORE John Wick films, it pretty much seems certain who will win this battle.""
 "": 11\nReview: Who needs a 2hr and 40 min action movie? No one. Yes the action was good, but repeats so many times that it becomes so boring. How can hundreds of assassins not kill one man? Answer, not possible, only in this movie and series. How many times could the dog man have killed Wick? Many. So no other assassin could? Why would the table head get Caine to kill Wick when he knows he won't. You can challenge the head to a duel as a rule, but they only assigned a head for the first time ever in this movie? WTF? And then the head can select a replacement? And he selects a blind man. All Wick had to do was to stand on the side or drop down and he wouldn't get shot. I think everyone knew Wick didn't shoot in the last round, except for the stupid head bad guy. This is not an action movie, it's a fantasy.""
 "": 6\nReview: Assassin John Wick is referred to as Baba Yaga in this third chapter, suggesting that he is, in fact, a supernatural being; his ability to evade death, appear and disappear like a ninja from a Godfrey Ho film, and move with lightning fast reflexes despite being in his mid-fifties confirms this fact, in my opinion. Unfortunately, Wick's invincibility means that the many action scenes in Parabellum are largely devoid of excitement, the only outcome being that Wick is still alive and all of his enemies are dead.""]","The mobster who visits John Wick and asks for his help by showing Wick's marker in the movie is Santino D'Antonio, played by Riccardo Scamarcio.",Santino D'Antonio is the mobster who visits John Wick and asks for his help by showing Wick's marker in the movie.,1.0,0.9999999999
6,What aspect of 'John Wick' received praise for its top-notch quality?,"["": 20\nReview: In a world where movie sequels seem to be loathed even before they are released, the 'John Wick' series has remained remarkably consistent and well received. In fact all three of the first films have the same IMDb rating of 7.4/10 and I noticed recently that I gave them all the same rating of 8/10. Incredibly, I think 'John Wick: Chapter 4' is the best the series has to offer. This movie was a wild ride.""
 "": 8\nReview: About 6 months ago I saw a picture of the set of 'John Wick: Chapter 3 - Parabellum' featuring Keanu Reeves on horseback shooting at motorcyclists. It was such a great looking shot that I have been waiting eagerly to see how it looked in the actual film ever since. It did not let me down. The style this film possesses is insane. It is one of the best looking action films I have ever seen.""
 "": 22\nReview: Lets contemplate about components of perfect action movie for a moment- What makes action movies special. Is it it's characters, is it ability to create fantastic choreography or maybe new, shiny special effects. Is it sound design or perhaps a good story ? What will elevate action movie to a new heights? What you need to do to create an instant classic? John Wick 3 creators might not have found all the answers but they definitely created something special and unique.""
 "": 10\nReview: The first John Wick film took me by surprise; it was a cartoonish action film that was surprisingly brutal in its content, cruel in its delivery, and had a real punch to it. All of it existed inside a world that convinced in its own logic, even if it was clearly fantasy. John Wick 2 doesn't have the ability to sneak up on me unannounced, which does work against it, but this is not what hurts it the most.""]",The aspect of 'John Wick' that received praise for its top-notch quality is the style and visuals of the action sequences. Reviewers mentioned that the film possesses an insane style and is one of the best-looking action films they have ever seen.,The cinematography and fight choreography of 'John Wick' received praise for their top-notch quality.,1.0,0.99999999995
7,What role does the marker play in the plot of John Wick: Chapter 2?,"["": 19\nReview: John Wick: Chapter 4 picks up where Chapter 3: Parabellum left off. As has been the tradition in the sequels to this beloved martial arts action franchise the action starts from the very inception of the film's opening, and lasts until the curtain falls. JW4 is no exception to that rule. What it does do is improve on the prior installment, and solidify Keanu Reeves as the greatest martial arts action star of all time. If you don't accept that notion, then you must accept the fact that it solidifies Reeves and Director, Chad Stahelski, as the greatest martial arts action pairing of modern times.""
 "": 20\nReview: After resolving his issues with the Russian mafia, John Wick (Keanu Reeves) returns home. But soon the mobster Santino D'Antonio (Riccardo Scamarcio) visits him to show Wick's marker and tells that he needs to help. John Wicks refuses since he is retired and Santino blows-up his house. John Wick meets the owner of the Continental hotel in New York City, Winston (Ian McShane), and he tells that Wick cannot violate the Mafia rules and shall honor the marker. Santino asks John Wick to kill his sister Gianna D'Antonio (Claudia Gerini) in Rome so that he can sit on the High Table of the criminal organizations. When John Wicks accomplishes his assignment, Santino puts a seven-million dollar contract on him attracting professional killers from everywhere. But Wick promises to kill Santino that is not protected by his marker anymore.""
 "": 14\nReview: Another significant increase in body count contribution, not including the injured and\\or maimed, as John inserts his wickedness into the flesh and bones of those whose aim is unworthy of their role in organised crime, either that, or they've never handled a weapon or are visually impaired or only shoot blanks or all three.""
 ': 11\nReview: The overrated ""John Wick: Chapter 3 - Parabellum"" is an action film that gives the sensation of watching a boring videogame. The plot is only John Wick running and killing the assassins that want the 14 million dollar award for his head. After the initial original deaths, the film becomes tiresome, boring and repetitive. My vote is three.']",The marker in John Wick: Chapter 2 plays a significant role in the plot as it is used by Santino D'Antonio to force John Wick back into the world of assassins by invoking a blood oath. Wick's refusal to honor the marker leads to a series of events that drive the central conflict of the movie.,"The marker in the plot of John Wick: Chapter 2 is a symbol of a blood oath that cannot be refused. When Santino D'Antonio presents John Wick with the marker, it signifies a debt that Wick must honor, leading him to carry out the assassination of Santino's sister. The marker plays a crucial role in driving the events of the movie and creating conflict for the protagonist.",0.5,0.49999999995
8,What event in the movie John Wick Chapter 2 leads to a lot of carnage and sets off a chain of events involving the Assassin's Guild?,"["": 19\nReview: If you've seen the first John Wick movie, you know that Keanu Reeves is John Wick, a retired assassin who comes out of retirement when someone kills his dog. In this one, which begins a week later, matters are still reverberating, and some one has stolen his car, which calls for a lot of carnage. That settled, John is called on to pay off an old debt by helping Ian McShane take over the Assassin's Guild by flying around to Italy, Canada and Manhattan and killing what seems like hundreds of assassins.""
 "": 16\nReview: John Wick Chapter 2 pits Keanu Reeves' titular character against the mean and nefarious of the criminal underworld. Once again, Reeves proves that he is a force to be reckoned with in this ridiculous, over-the-top sequel that is every bit as fun as the original. These types of films are rarely known for their artistic value but John Wick: Chapter 2 sets the bar pretty high, not only in its action, but in it's set design and camera work. This is pure escapist entertainment and couldn't have come at a better time. Those wanting to take a break from watching the Oscar nominees, this film is exactly what you're looking for.""
 ': 24\nReview: John Wick: Chapter 4 is almost three hours of Keanu Reeves engaged in a gunfight, bookended with meaningless dialog-in-place-of-plot, and a lot of people being thrown down stairs. Of all the ""Wick"" movies, this is clearly the weakest one yet. Was anything added to the overall Wick-universe narrative? No. Did we see a whole lot of inconsequential people die? Yes. Did Keanu Reeves say ""yeah"" a lot? Yes.'
 ': 21\nReview: Wow, this is one of the best action movies that I have seen in quite some time. It is really what I was hoping for in a good old fashion action movie that was done entirely on hand to hand combat and gun shootings. This is a wonderful kick-ass movie where the killings were done so brutally with lots of bloody scenes. It also kind of remind me of the various one man army movies in the 80s played by Sylvester Stallone or Arnold Schwarzenegger. If you have seen John Wick the original (which I hope you have seen it before you see this one), then you will be amazed with this sequel. It was bloodier, more fighting, more assassins trying to kill John and longer running time. What I can say is this is an even better version than the original movie. Although in term of story, there is a bit of a more complexity in the sequel as opposed to the simplicity of the original movie.']","The event in the movie John Wick Chapter 2 that leads to a lot of carnage and sets off a chain of events involving the Assassin's Guild is when someone steals John Wick's car, which calls for a lot of carnage as he seeks to resolve the situation.",The answer to given question is not present in context,1.0,0.0
9,What role do assassins play in the artistic spectacle of John Wick: Chapter 2?,"["": 12\nReview: If there's an equivalent of classical orchestra for untamed unapologetically brutal carnage, there's no doubt it'd be John Wick. Dancing through hail of bullets, horde of assassins straight from video game, oozing noir style from each drop of blood, John Wick: Chapter 2 is nothing short of an artistic spectacle.""
 "": 19\nReview: John Wick: Chapter 4 picks up where Chapter 3: Parabellum left off. As has been the tradition in the sequels to this beloved martial arts action franchise the action starts from the very inception of the film's opening, and lasts until the curtain falls. JW4 is no exception to that rule. What it does do is improve on the prior installment, and solidify Keanu Reeves as the greatest martial arts action star of all time. If you don't accept that notion, then you must accept the fact that it solidifies Reeves and Director, Chad Stahelski, as the greatest martial arts action pairing of modern times.""
 "": 16\nReview: John Wick Chapter 2 pits Keanu Reeves' titular character against the mean and nefarious of the criminal underworld. Once again, Reeves proves that he is a force to be reckoned with in this ridiculous, over-the-top sequel that is every bit as fun as the original. These types of films are rarely known for their artistic value but John Wick: Chapter 2 sets the bar pretty high, not only in its action, but in it's set design and camera work. This is pure escapist entertainment and couldn't have come at a better time. Those wanting to take a break from watching the Oscar nominees, this film is exactly what you're looking for.""
 ': 11\nReview: The overrated ""John Wick: Chapter 3 - Parabellum"" is an action film that gives the sensation of watching a boring videogame. The plot is only John Wick running and killing the assassins that want the 14 million dollar award for his head. After the initial original deaths, the film becomes tiresome, boring and repetitive. My vote is three.']","In John Wick: Chapter 2, assassins play a significant role in the artistic spectacle of the movie. They are portrayed as a horde of brutal and unapologetic characters straight out of a video game, adding to the noir style and overall aesthetic of the film.","Assassins play a significant role in the artistic spectacle of John Wick: Chapter 2, adding to the untamed and brutal carnage that defines the movie. They create a sense of danger and intensity, resembling characters straight out of a video game, contributing to the noir style and overall aesthetic of the film.",1.0,0.8333333332916666
10,How does stunt work affect action in John Wick movies?,"["": 10\nReview: The first John Wick film took me by surprise; it was a cartoonish action film that was surprisingly brutal in its content, cruel in its delivery, and had a real punch to it. All of it existed inside a world that convinced in its own logic, even if it was clearly fantasy. John Wick 2 doesn't have the ability to sneak up on me unannounced, which does work against it, but this is not what hurts it the most.""
 ': 3\nReview: John wick has a very simple revenge story. It can be summarized as ""Keanu gets angry and shoots bad guys"" but what makes it special? Directed by Chad Stahelski who\'s a stunt specialist boy does it show because the main selling point in the film are some real virtuoso action sequences, well made choreographies. Unlike today\'s action movies, it doesn\'t use quick-cuts or shaky cameras actually see what\'s going on.'
 ': 17\nReview: There are actually quite a handful reasons why ""John Wick"" could have become a failure. The two directors have never made a film before and almost exclusively worked in the stunt department so far. The writer is not exactly experienced either. Lead actor Keanu Reeves usually scores more through boyish charm than through realistic portrayal of gritty badass characters. And the genre of crime action thrillers rarely delivers in terms of real significance. Still it became a very good film. The main reason for that is probably that it does not attempt to be anything of great cinematic value, does not try to teach groundbreaking stories on moral, loyalty or betrayal. Instead, Derek Kolstad\'s script goes for a gutsy revenge thriller that is not even hurt by its occasional predictability.'
 "": 11\nReview: Who needs a 2hr and 40 min action movie? No one. Yes the action was good, but repeats so many times that it becomes so boring. How can hundreds of assassins not kill one man? Answer, not possible, only in this movie and series. How many times could the dog man have killed Wick? Many. So no other assassin could? Why would the table head get Caine to kill Wick when he knows he won't. You can challenge the head to a duel as a rule, but they only assigned a head for the first time ever in this movie? WTF? And then the head can select a replacement? And he selects a blind man. All Wick had to do was to stand on the side or drop down and he wouldn't get shot. I think everyone knew Wick didn't shoot in the last round, except for the stupid head bad guy. This is not an action movie, it's a fantasy.""]",Stunt work in John Wick movies plays a significant role in enhancing the action sequences. The movies are known for their well-made choreographies and real virtuoso action sequences that are showcased without the use of quick-cuts or shaky cameras. The stunt work adds to the authenticity and intensity of the action scenes in the John Wick films.,"The practical stunt work in John Wick movies greatly enhances the action sequences, providing a sharp and well-filmed experience without the use of bad shaky cams or jump cuts. This allows viewers to fully appreciate the action and the skill involved in the stunts.",0.5,0.5833333333041666
11,What makes action movies like John Wick 3 stand out?,"["": 22\nReview: Lets contemplate about components of perfect action movie for a moment- What makes action movies special. Is it it's characters, is it ability to create fantastic choreography or maybe new, shiny special effects. Is it sound design or perhaps a good story ? What will elevate action movie to a new heights? What you need to do to create an instant classic? John Wick 3 creators might not have found all the answers but they definitely created something special and unique.""
 ': 3\nReview: Well, I committed to watching the first three ""John Wick"" movies consecutively, and in case I totally worship them - like apparently the rest of the world does - I would hurry myself to the theater and watch the fourth installment on the big screen. After the first one already, I knew this wasn\'t going to be my thing. Not that ""John Wick"" is a bad film, it\'s just a very monotonous \'shoot-em-all-up\' actioner that rapidly makes you go like ""yeah, whatever"".'
 "": 16\nReview: John Wick 3 is without a doubt the best action movie to have come out in a few years. And its so surprising and refreshing to see that movies like this still exist. Most action movies you see is filled with ridiculous amounts of shaky-cam, fast edits and way over-the-top fights. This is perfect. You can see all action clear as day, and by god the stuns in this film are extraordinary. Why the Academy Awards don't award talent like this is beyond me. There were times that I wondered if they had used CGI, because someone nuts must be willing to throw themselves from motorbikes and through glass. But whatever case it is, its a dam joy to watch.""
 "": 8\nReview: It's hard to find anything bad to say about John Wick. The action is beautifully choreographed, the setup is surprisingly emotional for an action flick, and Keanu.... What more is there to say? If you love action or even just like it you will be in for the ride of your life.""]","What makes action movies like John Wick 3 stand out are the clear and well-executed action sequences, exceptional stunts, and the ability to showcase the action in a way that is visually stunning. The lack of shaky-cam and over-the-top fights in John Wick 3 make it a refreshing and top-tier action film.","Action movies like John Wick 3 stand out due to their ability to create fantastic choreography, new and shiny special effects, sound design, and a good story. These elements elevate the movie to new heights and contribute to its uniqueness and special nature.",1.0,0.8055555555287036
12,How do cutting-edge visual effects affect action film creation?,"[': 9\nReview: ""John Wick: Chapter 2"" is an American movie from this year (2017). Experienced visual effects artist Stahelski and Kolstad returned from the very first Wick film to work on the script/direction here too, so the premise with regard to people working behind the camera is there. And in front of the camera we see familiar faces again, people that survived the film, like most of all Keanu Reeves playing the central character. This is a really long film at over 2 hours and at this runtime, it is considerably longer than the first. And there is a lot other stuff different compared to the original. Most has to do with the fun component. I think the first film was a great fun watch from start to finish while offering emotion nonetheless and also delivering in the crime and drama genres. And action too, but I don\'t care too much about that. This genre is also basically the only one where this new movie delivers as the first 30 minutes are truly packed with action. It gets less afterward, but there is no denying that it was still all about the action and nothing else.'
 "": 11\nReview: Who needs a 2hr and 40 min action movie? No one. Yes the action was good, but repeats so many times that it becomes so boring. How can hundreds of assassins not kill one man? Answer, not possible, only in this movie and series. How many times could the dog man have killed Wick? Many. So no other assassin could? Why would the table head get Caine to kill Wick when he knows he won't. You can challenge the head to a duel as a rule, but they only assigned a head for the first time ever in this movie? WTF? And then the head can select a replacement? And he selects a blind man. All Wick had to do was to stand on the side or drop down and he wouldn't get shot. I think everyone knew Wick didn't shoot in the last round, except for the stupid head bad guy. This is not an action movie, it's a fantasy.""
 "": 8\nReview: In this 2nd installment of John Wick, the stylish visual and hard core action returns twice the level of the first film. So prepare for another suspenseful and cliffhanging sequences flow from this action movie when you watch this. The story goes deeper and the action scenes were incredibly entertaining! The revenge theme was still part of the movie's plot but this time the focus is the personal backstab of Wick. Keanu Reeves delivers again a notable performance as a titular character. This film is what a sequel movie should be - justifying the connection to the predecessor movie that made it successful by expanding its story and maintaining the elements that made it a superb film. The ending of this film opened the possibility of many more franchise of this movie.""
 "": 22\nReview: Lets contemplate about components of perfect action movie for a moment- What makes action movies special. Is it it's characters, is it ability to create fantastic choreography or maybe new, shiny special effects. Is it sound design or perhaps a good story ? What will elevate action movie to a new heights? What you need to do to create an instant classic? John Wick 3 creators might not have found all the answers but they definitely created something special and unique.""]",I don't have specific information on how cutting-edge visual effects affect action film creation in the context of the John Wick movies.,"Cutting-edge visual effects can enhance the quality and impact of action films by creating stunning and realistic visuals that captivate audiences. These effects can elevate the overall viewing experience and make the action sequences more immersive and visually appealing, adding a new dimension to the storytelling.",0.0,0.249999999975
13,"What task does John Wick do for the Italian mobster in John Wick: Chapter 2, resulting in a contract on his life?","["": 20\nReview: After resolving his issues with the Russian mafia, John Wick (Keanu Reeves) returns home. But soon the mobster Santino D'Antonio (Riccardo Scamarcio) visits him to show Wick's marker and tells that he needs to help. John Wicks refuses since he is retired and Santino blows-up his house. John Wick meets the owner of the Continental hotel in New York City, Winston (Ian McShane), and he tells that Wick cannot violate the Mafia rules and shall honor the marker. Santino asks John Wick to kill his sister Gianna D'Antonio (Claudia Gerini) in Rome so that he can sit on the High Table of the criminal organizations. When John Wicks accomplishes his assignment, Santino puts a seven-million dollar contract on him attracting professional killers from everywhere. But Wick promises to kill Santino that is not protected by his marker anymore.""
 "": 19\nReview: John Wick: Chapter 4 picks up where Chapter 3: Parabellum left off. As has been the tradition in the sequels to this beloved martial arts action franchise the action starts from the very inception of the film's opening, and lasts until the curtain falls. JW4 is no exception to that rule. What it does do is improve on the prior installment, and solidify Keanu Reeves as the greatest martial arts action star of all time. If you don't accept that notion, then you must accept the fact that it solidifies Reeves and Director, Chad Stahelski, as the greatest martial arts action pairing of modern times.""
 ': 4\nReview: ""John Wick: Chapter 2"" (2017 release; 122 min.) continues the \'adventures\' of former (?) hit man John Wick. As the movie opens, we are immediately thrown in the middle of a car vs. bike chase, and next thing we know, we find our man retrieving his beloved Mustang from a chop shop in NYC, but not without cars flying about, and dozens of dead or wounded bodies. And that\'s all in the pre-opening credits! As the story unfolds, Wick, who wants ""out, is nevertheless forced back ""in"" when an Italian baddie calls in a favor and Wick has no choice but to accept. To tell you more of the plot would spoil your viewing experience, you\'ll just have to see for yourself how it all plays out.'
 "": 5\nReview: Ultra-violent first entry with lots of killings, thrills , noisy action , suspense , and crossfire . In this original John Wick (2014) , an ex-hit-man comes out of retirement to track down the gangsters that killed his dog and took everything from him . With the untimely death of his beloved wife still bitter in his mouth he seeks for vengeance . But when an arrogant Russian mob prince and hoodlums steal his car and kill his dog , they are fully aware of his lethal capacity. The Bogeyman will find himself dragged into an impossible task as every killer in the business dreams of cornering the legendary Wick who now has an enormous price on his head . In this first installment John Wick , blind with revenge, and for his salvation John will immediately unleash a carefully orchestrated maelstrom of destruction against those attempt to chase him and with a price tag on his head, as he is the target of hit men : an army of bounty-hunting killers on his trail and a murderer woman everywhere . The legendary hitman will be forced to unearth his meticulously concealed identity and to carry out a relentless vendetta . Now, only blood can quench the boogeyman's thirst for retribution . Don't Set Him Off! . John Wick isn't the Boogeyman... He's the guy you send to kill the doomed Boogeyman. Revenge is all he has left. You want peace, prepare for war . Don't Hunt What You Can't Kill. Tick Tock, Mr. Wick. Everyone Is Waiting. For John Wick . Every Action Has Consequences. This Friday, Wick is Back . Its the World Vs. Wick. Every Action Has Consequences.""]","John Wick is tasked with killing Santino D'Antonio's sister, Gianna D'Antonio, in Rome, so that Santino can take her place on the High Table of criminal organizations. This task leads to a contract being put on John Wick's life.","John Wick kills Santino D'Antonio's sister, Gianna D'Antonio, in Rome as requested by Santino, resulting in a seven-million dollar contract on his life.",1.0,0.9999999999
14,What complicates John Wick's world in 'Parabellum'?,"["": 6\nReview: Assassin John Wick is referred to as Baba Yaga in this third chapter, suggesting that he is, in fact, a supernatural being; his ability to evade death, appear and disappear like a ninja from a Godfrey Ho film, and move with lightning fast reflexes despite being in his mid-fifties confirms this fact, in my opinion. Unfortunately, Wick's invincibility means that the many action scenes in Parabellum are largely devoid of excitement, the only outcome being that Wick is still alive and all of his enemies are dead.""
 "": 10\nReview: The first John Wick film took me by surprise; it was a cartoonish action film that was surprisingly brutal in its content, cruel in its delivery, and had a real punch to it. All of it existed inside a world that convinced in its own logic, even if it was clearly fantasy. John Wick 2 doesn't have the ability to sneak up on me unannounced, which does work against it, but this is not what hurts it the most.""
 "": 5\nReview: Iosef's uncle still has John Wick's car. Wick comes after it and the uncle accepts his offer of peace. He hopes to return to his peaceful retirement but crime lord Santino D'Antonio calls in his Marker. He faces deadly assassins, numerous killers, and countless thugs as Santino uses him to gain power even offering a $7 million contract.""
 "": 8\nReview: It's hard to find anything bad to say about John Wick. The action is beautifully choreographed, the setup is surprisingly emotional for an action flick, and Keanu.... What more is there to say? If you love action or even just like it you will be in for the ride of your life.""]","In 'Parabellum', John Wick's world is complicated by his invincibility, which makes the action scenes largely devoid of excitement as he continues to survive while his enemies are defeated.","The whole world is filled with assassins in 'Parabellum', and there is a huge administrative system around them. Despite this, they can't seem to cause John Wick too much trouble.",0.5,0.3333333333
15,What does Keanu Reeves add to John Wick?,"["": 19\nReview: John Wick: Chapter 4 picks up where Chapter 3: Parabellum left off. As has been the tradition in the sequels to this beloved martial arts action franchise the action starts from the very inception of the film's opening, and lasts until the curtain falls. JW4 is no exception to that rule. What it does do is improve on the prior installment, and solidify Keanu Reeves as the greatest martial arts action star of all time. If you don't accept that notion, then you must accept the fact that it solidifies Reeves and Director, Chad Stahelski, as the greatest martial arts action pairing of modern times.""
 "": 22\nReview: Lets contemplate about components of perfect action movie for a moment- What makes action movies special. Is it it's characters, is it ability to create fantastic choreography or maybe new, shiny special effects. Is it sound design or perhaps a good story ? What will elevate action movie to a new heights? What you need to do to create an instant classic? John Wick 3 creators might not have found all the answers but they definitely created something special and unique.""
 "": 7\nReview: John Wick (2014) is the best revenge flick from Keanu Reeves of 2014 from The Matrix (1999) to John Wick (2014) another action fast paced, Entertaining slick action packed film, which kind I have never seen before. It is a very fun, straightforward action movie with an 80's sensibility. It's nice to see Keanu doing these types of roles again. It is one of my personal favorite Keanu Reeves movies. Keanu Reeves is a bad ass what a great action packed blood packed film. Movies should really learn from this on how to make a decent action film, especially with the crap we are getting today like escape plan bullet to the head and such. This film to me is the greatest action film to come out in this century. Keanu was phenomenal the action was so fast paced and exciting my jaw literally dropped as Keanu took out all the bad guys! I personally think this film is better then all Taken films combined. It was simply brilliant, it was made for 20 million dollars and I am glad it made 40 million in the US. I think this film deserved to make 100 million!""
 ': 17\nReview: There are actually quite a handful reasons why ""John Wick"" could have become a failure. The two directors have never made a film before and almost exclusively worked in the stunt department so far. The writer is not exactly experienced either. Lead actor Keanu Reeves usually scores more through boyish charm than through realistic portrayal of gritty badass characters. And the genre of crime action thrillers rarely delivers in terms of real significance. Still it became a very good film. The main reason for that is probably that it does not attempt to be anything of great cinematic value, does not try to teach groundbreaking stories on moral, loyalty or betrayal. Instead, Derek Kolstad\'s script goes for a gutsy revenge thriller that is not even hurt by its occasional predictability.']","Keanu Reeves adds his exceptional martial arts skills and charisma to the character of John Wick, making him a compelling and iconic action hero.",Keanu Reeves adds a watchable element to John Wick despite the somewhat barmy plotting. His performance makes the movie enjoyable even with the script's shortcomings.,0.0,0.8055555555287036
16,What motivates John Wick's vengeance and its impact on his reputation in the movies?,"["": 5\nReview: Ultra-violent first entry with lots of killings, thrills , noisy action , suspense , and crossfire . In this original John Wick (2014) , an ex-hit-man comes out of retirement to track down the gangsters that killed his dog and took everything from him . With the untimely death of his beloved wife still bitter in his mouth he seeks for vengeance . But when an arrogant Russian mob prince and hoodlums steal his car and kill his dog , they are fully aware of his lethal capacity. The Bogeyman will find himself dragged into an impossible task as every killer in the business dreams of cornering the legendary Wick who now has an enormous price on his head . In this first installment John Wick , blind with revenge, and for his salvation John will immediately unleash a carefully orchestrated maelstrom of destruction against those attempt to chase him and with a price tag on his head, as he is the target of hit men : an army of bounty-hunting killers on his trail and a murderer woman everywhere . The legendary hitman will be forced to unearth his meticulously concealed identity and to carry out a relentless vendetta . Now, only blood can quench the boogeyman's thirst for retribution . Don't Set Him Off! . John Wick isn't the Boogeyman... He's the guy you send to kill the doomed Boogeyman. Revenge is all he has left. You want peace, prepare for war . Don't Hunt What You Can't Kill. Tick Tock, Mr. Wick. Everyone Is Waiting. For John Wick . Every Action Has Consequences. This Friday, Wick is Back . Its the World Vs. Wick. Every Action Has Consequences.""
 "": 20\nReview: After resolving his issues with the Russian mafia, John Wick (Keanu Reeves) returns home. But soon the mobster Santino D'Antonio (Riccardo Scamarcio) visits him to show Wick's marker and tells that he needs to help. John Wicks refuses since he is retired and Santino blows-up his house. John Wick meets the owner of the Continental hotel in New York City, Winston (Ian McShane), and he tells that Wick cannot violate the Mafia rules and shall honor the marker. Santino asks John Wick to kill his sister Gianna D'Antonio (Claudia Gerini) in Rome so that he can sit on the High Table of the criminal organizations. When John Wicks accomplishes his assignment, Santino puts a seven-million dollar contract on him attracting professional killers from everywhere. But Wick promises to kill Santino that is not protected by his marker anymore.""
 ': 4\nReview: Though he no longer has a taste for wet work, retired assassin and ""Boogeyman"" John Wick has suffered a personal tragedy that\'s left a huge void in his life. When he and his dog (really the last meaningful thing he has left) fall victim to a scummy group of Russian mobsters, he emerges from his shell with vengeance on his mind. Slow and ambiguous at first, but reveals more as it goes along, and once it kicks into gear it rarely lets up with plenty of stylized, visceral action scenes, an impressive arsenal of weaponry, plus sly direction and editing that give it the feel of a violent music video at times. Preposterously fun to watch, it just doesn\'t have much of a story at its disposal, not to mention all the over-the-top bloodletting and mayhem eventually becomes redundant. Savvy, indestructible Reeves looks right at home, and delivers many of his lines with a sardonic wit. **'
 "": 6\nReview: Assassin John Wick is referred to as Baba Yaga in this third chapter, suggesting that he is, in fact, a supernatural being; his ability to evade death, appear and disappear like a ninja from a Godfrey Ho film, and move with lightning fast reflexes despite being in his mid-fifties confirms this fact, in my opinion. Unfortunately, Wick's invincibility means that the many action scenes in Parabellum are largely devoid of excitement, the only outcome being that Wick is still alive and all of his enemies are dead.""]","John Wick's vengeance is motivated by the death of his beloved wife and the killing of his dog, leading him to seek revenge against the gangsters who took everything from him. This quest for vengeance impacts his reputation as he becomes known as a legendary hitman with an enormous price on his head, attracting the attention of bounty-hunting killers and hitmen.","John Wick's vengeance is primarily motivated by the killing of his dog and the theft of his car by Russian mobsters. This act of violence leads him to seek revenge against those responsible, showcasing his lethal capacity and reputation as a legendary hitman. As he embarks on a path of vengeance, he becomes the target of numerous bounty-hunting killers, further solidifying his reputation as a formidable and relentless force in the criminal underworld.",1.0,0.9999999999666667
17,How does the Moroccan brawl scene in JOHN WICK 3 improve the movie?,"[': 19\nReview: The inevitable third chapter of the JOHN WICK franchise continues on a high with the same quality as the last. In fact, this may just pip that one to the post to be the best JOHN WICK yet. The pacing is spot on and the plotting is measured by a huge amount of action sequences, all of which fizz and crackle with skill and energy. The movie hits the ground running as Keanu faces off with a hulking character in a library and then Triads in a weapon shop, but what really amazes here is the sheer inventiveness of the non-repetitive action. There are horse and motorbike chases, a Moroccan brawl with fighting dogs, alongside the massive action of the climax. There also seems to be a greater emphasis on hand-to-hand combat, featuring the likes of RAID actors and old-timer Mark Dacascos, which is a real pleasure as the choreography is top-notch. In terms of sheer enjoyment, this is a film hard to beat, and to criticise it at all is unnecessary. Bring on the fourth!'
 "": 11\nReview: JOHN WICK is a rare example of Hollywood getting things spot-on when it comes to creating the near-perfect action film. JOHN WICK is a relentless, pulse-pounding thriller that has plenty of similarity to the Liam Neeson classic TAKEN, albeit with a more simplistic (and also more emotionally intense) plot line. This is the kind of lean, pared-down film-making that's all about intensity and momentum. It sits well with classic international fare like POINT BLANK, SLEEPLESS NIGHT, MEA CULPA, THE MAN FROM NOWHERE, and THE RAID films.""
 "": 11\nReview: Who needs a 2hr and 40 min action movie? No one. Yes the action was good, but repeats so many times that it becomes so boring. How can hundreds of assassins not kill one man? Answer, not possible, only in this movie and series. How many times could the dog man have killed Wick? Many. So no other assassin could? Why would the table head get Caine to kill Wick when he knows he won't. You can challenge the head to a duel as a rule, but they only assigned a head for the first time ever in this movie? WTF? And then the head can select a replacement? And he selects a blind man. All Wick had to do was to stand on the side or drop down and he wouldn't get shot. I think everyone knew Wick didn't shoot in the last round, except for the stupid head bad guy. This is not an action movie, it's a fantasy.""
 "": 19\nReview: John Wick: Chapter 4 picks up where Chapter 3: Parabellum left off. As has been the tradition in the sequels to this beloved martial arts action franchise the action starts from the very inception of the film's opening, and lasts until the curtain falls. JW4 is no exception to that rule. What it does do is improve on the prior installment, and solidify Keanu Reeves as the greatest martial arts action star of all time. If you don't accept that notion, then you must accept the fact that it solidifies Reeves and Director, Chad Stahelski, as the greatest martial arts action pairing of modern times.""]","The Moroccan brawl scene in JOHN WICK 3 improves the movie by adding to the sheer inventiveness of the non-repetitive action sequences. It provides a unique and engaging fighting scenario with the inclusion of fighting dogs, which enhances the overall excitement and entertainment value of the film.",The answer to given question is not present in context,1.0,0.0
18,What makes John Wick praised for its coordination and emotional depth?,"["": 8\nReview: It's hard to find anything bad to say about John Wick. The action is beautifully choreographed, the setup is surprisingly emotional for an action flick, and Keanu.... What more is there to say? If you love action or even just like it you will be in for the ride of your life.""
 "": 22\nReview: Lets contemplate about components of perfect action movie for a moment- What makes action movies special. Is it it's characters, is it ability to create fantastic choreography or maybe new, shiny special effects. Is it sound design or perhaps a good story ? What will elevate action movie to a new heights? What you need to do to create an instant classic? John Wick 3 creators might not have found all the answers but they definitely created something special and unique.""
 "": 10\nReview: The first John Wick film took me by surprise; it was a cartoonish action film that was surprisingly brutal in its content, cruel in its delivery, and had a real punch to it. All of it existed inside a world that convinced in its own logic, even if it was clearly fantasy. John Wick 2 doesn't have the ability to sneak up on me unannounced, which does work against it, but this is not what hurts it the most.""
 "": 0\nReview: The best way I can describe John Wick is to picture Taken but instead of Liam Neeson it's Keanu Reeves and instead of his daughter it's his dog. That's essentially the plot of the movie. John Wick (Reeves) is out to seek revenge on the people who took something he loved from him. It's a beautifully simple premise for an action movie - when action movies get convoluted, they get bad i.e. A Good Day to Die Hard. John Wick gives the viewers what they want: Awesome action, stylish stunts, kinetic chaos, and a relatable hero to tie it all together. John Wick succeeds in its simplicity.""]","John Wick is praised for its coordination and emotional depth because of the beautifully choreographed action scenes and the surprisingly emotional setup for an action film. Additionally, Keanu Reeves' performance adds to the emotional depth of the movie.","John Wick is praised for its beautifully choreographed action sequences and surprisingly emotional setup, making it stand out from typical action films. Keanu Reeves' performance also adds to the movie's appeal. If you enjoy action movies, John Wick offers a thrilling experience that combines intense action with emotional depth.",0.3333333333333333,0.7499999999625
